ave_fitness	ave_genome_length	ave_tree_depth	ave_tree_nodes	ave_used_codons	best_fitness	gen	invalids	max_genome_length	max_tree_depth	max_tree_nodes	max_used_codons	min_genome_length	min_tree_depth	min_tree_nodes	min_used_codons	runtime_error	time_adjust	time_taken	total_inds	total_time	
0.03511097815023305	10.0	3.225	3.591666666666667	2.433333333333333	0.0653711771517848	0	380	10	10.0	14.0	10.0	10	2.0	2.0	1.0	0	0	10.762893199920654	500	10.762893199920654	
0.0334436461443462	9.992	3.9215686274509802	4.751633986928105	3.3986928104575163	0.08902562200106874	1	728	19	9.0	14.0	10.0	1	2.0	2.0	1.0	1	0	0.9162783622741699	1000	11.679171562194824	
0.03384940380860594	9.9	4.204	5.28	3.796	0.12062855103294776	2	979	21	9.0	14.0	10.0	1	2.0	2.0	1.0	3	0	0.3483600616455078	1500	12.027531623840332	
0.04001201828645778	9.876	4.6957928802588995	5.938511326860842	4.375404530744337	0.13583778727154272	3	1171	22	12.0	15.0	13.0	1	2.0	2.0	1.0	4	0	0.43756604194641113	2000	12.465097665786743	
