ave_fitness	ave_genome_length	ave_tree_depth	ave_tree_nodes	ave_used_codons	best_fitness	gen	invalids	max_genome_length	max_tree_depth	max_tree_nodes	max_used_codons	min_genome_length	min_tree_depth	min_tree_nodes	min_used_codons	runtime_error	time_adjust	time_taken	total_inds	total_time	
0.03423328378521608	10.0	3.5762711864406778	4.1440677966101696	2.906779661016949	0.08902562200106874	0	382	10	10.0	14.0	10.0	10	2.0	2.0	1.0	0	0	5.854347229003906	500	5.854347229003906	
0.03259665164088037	10.004	4.149038461538462	4.899038461538462	3.5576923076923075	0.08902562200106874	1	675	17	12.0	14.0	12.0	3	2.0	2.0	1.0	2	0	1.4314885139465332	1000	7.2858357429504395	
0.036350339547336914	10.01	4.469964664310954	5.639575971731449	4.109540636042403	0.16141639036444347	2	893	20	12.0	16.0	12.0	2	2.0	2.0	1.0	5	0	0.9221136569976807	1500	8.20794939994812	
0.03701447693677399	10.36	4.460063897763578	5.654952076677317	4.121405750798722	0.16141639036444347	3	1081	20	12.0	14.0	12.0	4	2.0	2.0	1.0	7	0	1.20452880859375	2000	9.41247820854187	
