ave_fitness	ave_genome_length	ave_tree_depth	ave_tree_nodes	ave_used_codons	best_fitness	gen	invalids	max_genome_length	max_tree_depth	max_tree_nodes	max_used_codons	min_genome_length	min_tree_depth	min_tree_nodes	min_used_codons	runtime_error	time_adjust	time_taken	total_inds	total_time	
2.1591464931981535e+140	25.27	6.492	23.66	17.024	0.18882091450454294	0	0	189	10	174	126	3	3	3	2	42	0	1.7542622089385986	500	1.7542622089385986	
3.5267972128153224e+37	19.096	7.350515463917525	14.788659793814434	10.685567010309278	0.18882091450454294	1	113	88	32.0	82.0	59.0	2	2.0	2.0	1.0	49	0	1.2106547355651855	1000	2.964916944503784	
2.945804940803221e+18	19.452	6.779097387173397	12.501187648456057	9.068883610451307	0.18882091450454294	2	193	69	19.0	66.0	45.0	2	2.0	2.0	1.0	53	0	1.0375936031341553	1500	4.0025105476379395	
111044239287550.5	21.364	7.008695652173913	12.669565217391304	9.278260869565218	0.18872000331891645	3	234	70	28.0	57.0	45.0	1	2.0	2.0	1.0	54	0	1.0910661220550537	2000	5.093576669692993	
5.005622308235015	22.838	7.314655172413793	13.163793103448276	9.758620689655173	0.18409138260570002	4	271	74	23.0	60.0	44.0	2	2.0	2.0	1.0	56	0	0.9627335071563721	2500	6.056310176849365	
1.5851433385885268e+33	24.7	7.315450643776824	13.343347639484978	9.82618025751073	0.18409138260570002	5	306	74	23.0	74.0	55.0	4	2.0	2.0	1.0	57	0	1.0545580387115479	3000	7.110868215560913	
5.026767517066346	26.404	7.650214592274678	13.67596566523605	10.169527896995708	0.18409138260570002	6	341	67	21.0	55.0	43.0	4	2.0	2.0	1.0	60	0	0.918846845626831	3500	8.029715061187744	
2.068314368000868	28.394	8.254166666666666	14.94375	11.23125	0.18409138260570002	7	362	74	31.0	95.0	71.0	2	2.0	2.0	1.0	60	0	0.9862608909606934	4000	9.015975952148438	
