ave_fitness	ave_genome_length	ave_tree_depth	ave_tree_nodes	ave_used_codons	best_fitness	gen	invalids	max_genome_length	max_tree_depth	max_tree_nodes	max_used_codons	min_genome_length	min_tree_depth	min_tree_nodes	min_used_codons	runtime_error	time_adjust	time_taken	total_inds	total_time	
1.0869119967889886e+110	25.8	6.498	24.16	17.37	0.19658669933713036	0	0	145	10	135	97	3	3	3	2	38	0	1.6821861267089844	500	1.6821861267089844	
4.380152643564123e+51	22.61	8.144772117962466	18.407506702412867	13.27882037533512	0.19658669933713036	1	128	145	38.0	142.0	100.0	2	2.0	2.0	1.0	53	0	1.060497522354126	1000	2.7426836490631104	
1.890460239183064e+87	22.1	6.957244655581948	14.17102137767221	10.197149643705464	0.18698316613744698	2	208	115	23.0	142.0	100.0	2	2.0	2.0	1.0	55	0	1.032341718673706	1500	3.7750253677368164	
499815783.7925706	22.984	6.797802197802198	12.685714285714285	9.303296703296704	0.18698316613744698	3	254	72	18.0	77.0	53.0	2	2.0	2.0	1.0	56	0	0.970228910446167	2000	4.745254278182983	
1.4486670321146821e+87	24.464	7.111111111111111	13.422222222222222	9.86888888888889	0.18698316613744698	4	305	85	21.0	98.0	69.0	1	2.0	2.0	1.0	59	0	0.9354252815246582	2500	5.680679559707642	
