ave_fitness	ave_genome_length	ave_tree_depth	ave_tree_nodes	ave_used_codons	best_fitness	gen	invalids	max_genome_length	max_tree_depth	max_tree_nodes	max_used_codons	min_genome_length	min_tree_depth	min_tree_nodes	min_used_codons	runtime_error	time_adjust	time_taken	total_inds	total_time	
0.034235394975662366	10.0	3.467741935483871	3.911290322580645	2.717741935483871	0.08902562200106874	0	376	10	9.0	13.0	10.0	10	2.0	2.0	1.0	0	0	0.9588718414306641	500	0.9588718414306641	
0.033560909159541186	10.002	3.6785714285714284	4.154761904761905	2.9404761904761907	0.1315110293853451	1	709	17	10.0	13.0	10.0	3	2.0	2.0	1.0	0	0	1.088658094406128	1000	2.047529935836792	
0.03369347264688131	9.608	3.9330357142857144	4.758928571428571	3.3839285714285716	0.1315110293853451	2	986	18	10.0	14.0	11.0	1	2.0	2.0	1.0	0	0	1.0553100109100342	1500	3.102839946746826	
0.03761938599688938	9.4	4.302250803858521	5.414790996784566	3.919614147909968	0.1324769998408148	3	1176	23	11.0	18.0	14.0	1	2.0	2.0	1.0	3	0	1.2613205909729004	2000	4.364160537719727	
0.04147311734357507	10.014	4.694524495677234	6.244956772334294	4.547550432276657	0.4451925903853896	4	1330	22	12.0	18.0	14.0	1	2.0	2.0	1.0	4	0	1.2019760608673096	2500	5.566136598587036	
0.047221635506654216	10.922	5.010554089709762	7.002638522427441	5.121372031662269	0.4451925903853896	5	1452	23	12.0	21.0	15.0	1	2.0	2.0	1.0	7	0	1.378722906112671	3000	6.944859504699707	
